date,NFLX,IBM,GE,GOOG,AAPL,KO,AMZN,HD,NKE,^DJI,WMT
2017-12-27,18.624,101.1861,78.2517,51.9762,39.8447,35.3242,59.113,153.272,55.3548,24774.3008,28.9267
2017-12-28,19.271,101.7873,78.1617,51.9153,39.9568,35.1627,59.305,152.9416,55.3548,24837.5098,28.9675
2017-12-29,19.196,101.3776,78.5669,51.8291,39.5247,35.2857,58.4735,152.7401,55.003,24719.2207,28.7781
2018-01-02,20.107,101.9261,80.9531,52.7504,40.2324,35.0242,59.4505,151.5313,55.8296,24824.0098,28.7315
2018-01-03,20.505,104.7278,81.7186,53.6162,40.2254,34.9473,60.21,152.321,55.8208,24922.6797,28.9821
2018-01-04,20.563,106.8489,83.4295,53.8103,40.4122,35.4395,60.4795,153.5299,55.7856,25075.1309,29.0083
2018-01-05,20.999,107.371,83.4745,54.5944,40.8723,35.4319,61.457,155.1336,56.2605,25295.8691,29.1802
2018-01-08,21.205,108.0186,82.3039,54.8277,40.7205,35.378,62.3435,154.7629,56.7617,25283.0,29.6116
2018-01-09,20.931,108.2564,83.5645,54.794,40.7158,35.5549,62.635,155.6171,56.3572,25385.8008,29.256
2018-01-10,21.252,108.4877,85.2304,54.6132,40.7065,35.4319,62.7165,154.5695,56.4715,25369.1309,29.0462
2018-01-11,21.724,108.5009,85.6356,54.7574,40.9377,35.4088,63.834,156.8904,56.5331,25574.7305,29.1482
2018-01-12,22.123,107.8005,84.465,55.5865,41.3605,35.4934,65.26,158.2926,56.8672,25803.1895,29.3959
2018-01-16,22.153,108.2696,81.9887,55.5617,41.1503,35.7856,65.243,158.2039,55.768,25792.8594,29.3434
2018-01-17,21.75,111.4414,78.1166,56.0679,41.8299,36.0087,64.75,161.0327,56.111,26115.6504,29.9292
2018-01-18,22.033,111.752,75.5052,55.9595,41.8673,36.0548,64.666,159.8319,56.3748,26017.8105,30.3955
2018-01-19,22.046,107.2917,73.209,56.3419,41.6804,36.2701,64.729,162.2496,59.1007,26071.7207,30.48
2018-01-22,22.758,107.4437,72.8038,57.2483,41.3394,36.4394,66.3655,164.772,58.3797,26214.5996,30.7306
2018-01-23,25.029,109.8555,76.0455,57.9496,41.3488,36.4932,68.127,165.1266,59.0392,26210.8105,30.8618
2018-01-24,26.13,109.2741,74.0194,57.6658,40.6901,36.7854,67.8755,166.1904,59.7954,26252.1191,30.8297
2018-01-25,26.97,109.3401,72.8488,57.9694,39.9638,36.7931,68.8975,165.5054,59.5404,26392.7891,31.0658
2018-01-26,27.46,110.5758,72.6237,58.2404,40.0572,37.3238,70.1025,167.0043,59.8306,26616.7109,31.5874
2018-01-29,28.459,110.219,73.2991,58.2275,39.2281,36.6855,70.884,165.1427,59.4261,26439.4805,31.9255
2018-01-30,27.88,108.1176,71.8133,57.6386,38.9969,36.4624,71.891,162.6364,59.2063,26076.8906,31.3951
2018-01-31,27.03,108.1705,72.8038,57.9481,39.1043,36.6009,72.5445,161.903,59.9889,26149.3906,31.0658
2018-02-01,26.507,107.3115,72.1284,57.8372,39.1861,36.4932,69.5,161.0971,59.4877,26186.7109,30.751
2018-02-02,26.743,105.0847,70.4175,55.0734,37.4858,35.9394,71.4975,156.3183,59.1095,25520.9609,30.4479
2018-02-05,25.426,100.7895,67.1308,52.2947,36.5492,34.5243,69.5,147.5663,56.621,24345.75,29.1686
2018-02-06,26.572,102.6463,68.7516,53.5231,38.0767,34.3551,72.142,153.957,57.3509,24912.7695,29.4046
2018-02-07,26.456,101.6618,68.6616,51.9371,37.2615,34.2705,70.839,154.1584,57.7114,24893.3496,29.9729
2018-02-08,25.01,98.4855,65.0597,49.6061,36.2362,33.1477,67.525,146.0432,54.9503,23860.4609,29.1482
2018-02-09,24.947,99.7667,67.2659,51.4021,36.6795,33.1707,66.98,148.3802,57.5883,24190.9004,28.9588
2018-02-12,25.795,101.0279,66.7256,52.1035,38.1569,33.8168,69.3115,148.3319,58.0192,24601.2695,29.0112
2018-02-13,25.827,100.5941,66.0502,52.1114,38.5391,33.986,70.7255,148.0579,57.9224,24640.4492,29.428
2018-02-14,26.6,103.27,67.0857,52.9832,39.2497,33.9167,72.5525,148.8396,59.7603,24893.4902,29.6378
2018-02-15,28.027,104.104,66.8606,53.9649,40.5676,34.4397,73.088,149.307,60.0505,25200.3691,30.0837
2018-02-16,27.852,104.2175,67.7611,54.2264,40.4363,34.5935,72.4345,150.677,60.0593,25219.3809,30.5354
2018-02-20,27.855,103.5368,66.3654,54.6058,40.3003,33.8321,73.4175,150.4675,59.347,24964.75,27.4259
2018-02-21,28.104,102.7361,65.2398,55.0456,40.1174,33.3322,74.146,147.526,58.9601,24797.7793,26.6711
2018-02-22,27.814,102.2157,65.8251,54.8123,40.4527,33.4707,74.267,149.4682,59.0304,24962.4805,27.0354
2018-02-23,28.593,103.7771,65.7797,55.8109,41.1562,33.8706,75.0,151.7892,59.9361,25309.9902,27.0703
2018-02-26,29.416,105.819,66.506,56.6509,41.97,33.8629,76.0975,151.8778,61.2464,25709.2695,27.1374
2018-02-27,29.061,104.4644,65.8251,55.3899,41.8339,33.5476,75.599,149.0733,59.8218,25410.0293,26.6711
2018-02-28,29.138,103.984,64.0546,54.7182,41.7706,33.2399,75.6225,146.8893,58.9425,25029.1992,26.231
2018-03-01,29.039,102.636,63.646,52.9742,41.039,33.4014,74.6725,144.7699,58.3181,24608.9805,25.96
2018-03-02,30.105,103.0898,64.1,53.4398,41.3227,33.6245,75.0125,143.819,58.1153,24538.0605,25.8697
2018-03-05,31.5,104.7313,65.4619,54.0347,41.4658,33.7552,76.1805,146.4622,57.3744,24874.7598,26.2223
2018-03-06,32.522,103.9106,66.4606,54.2393,41.4306,33.786,76.882,146.3816,57.542,24884.1191,25.9542
2018-03-07,32.116,105.6455,65.8705,54.9614,41.046,33.7014,77.25,144.7364,56.5982,24801.3594,25.5695
2018-03-08,31.7,104.2376,65.9159,55.7717,41.4939,34.1859,77.593,144.2177,57.4273,24895.2109,25.7747
2018-03-09,33.144,106.3062,67.8225,57.4578,42.2068,34.4705,78.9445,147.6379,58.4769,25335.7402,26.0092
2018-03-12,32.13,106.9401,68.5489,57.6787,42.6149,34.2475,79.9195,145.6522,58.9356,25178.6094,25.8187
2018-03-13,31.588,106.3128,65.5073,56.3745,42.2045,34.2782,79.409,144.5499,58.3622,25007.0293,25.8861
2018-03-14,32.155,105.5121,64.781,56.9352,41.8457,33.9678,79.55,143.7881,58.3887,24758.1191,25.7014
2018-03-15,32.109,106.5063,65.1895,56.9397,41.8949,33.8825,79.116,144.323,58.5563,24873.6602,25.6545
2018-03-16,31.845,106.9401,64.9626,56.2537,41.7472,33.7196,78.584,145.0443,58.1329,24946.5098,26.1412
2018-03-19,31.348,104.9983,63.873,54.475,41.1093,33.5644,77.2465,143.5368,57.9565,24610.9102,25.6369
2018-03-20,31.75,104.2309,61.921,54.3705,41.0953,33.4868,79.3255,144.396,58.9179,24727.2695,25.7835
2018-03-21,31.648,104.5578,63.0105,54.0322,40.1642,33.3627,79.093,144.2825,58.521,24682.3105,25.8509
2018-03-22,30.67,101.4883,60.6045,51.9618,39.5967,33.1765,77.246,142.0698,56.8187,23957.8906,25.5461
2018-03-23,30.094,99.353,59.3334,50.5992,38.6798,32.8428,74.778,139.2413,57.004,23533.1992,25.0418
2018-03-26,32.035,102.3424,58.5162,52.1664,40.516,33.1222,77.793,142.9533,58.1241,24202.5996,25.6516
2018-03-27,30.069,101.3682,61.013,49.7835,39.4771,33.2773,74.8525,141.5755,58.3622,23857.7109,25.2265
2018-03-28,28.577,101.7752,62.1026,49.7567,39.0409,33.611,71.571,141.6403,57.7184,23848.4199,25.7307
2018-03-29,29.535,102.3824,61.1946,51.1054,39.3458,33.6963,72.367,144.4608,58.6004,24103.1094,26.0825
2018-04-02,28.029,100.1404,59.5603,49.8513,39.0878,33.1066,68.5995,140.1328,56.5541,23644.1895,25.0799
2018-04-03,28.367,99.9936,59.6057,50.1951,39.4889,33.6575,69.6025,140.8298,58.8297,24033.3594,25.4464
2018-04-04,28.894,102.8429,60.2867,50.7761,40.244,34.3248,70.5285,143.8124,60.3467,24264.3008,25.5695
2018-04-05,29.397,102.7829,60.9676,50.9083,40.5231,34.4489,72.5875,145.1822,61.3787,24505.2207,25.7425
2018-04-06,28.885,100.474,59.288,49.8796,39.4865,34.0765,70.2615,141.3891,59.5794,23932.7598,25.4141
2018-04-09,28.993,101.8887,58.2439,50.2961,39.8781,34.0067,70.304,139.8167,59.2531,23979.0996,25.2939
2018-04-10,29.807,103.6903,59.2426,51.098,40.6286,34.1308,71.811,140.611,59.0943,24408.0,25.3438
2018-04-11,30.367,103.6703,58.8794,50.52,40.4386,34.1308,71.3525,140.1004,58.9444,24189.4492,25.1855
2018-04-12,30.925,105.4787,59.8327,51.1411,40.8373,34.1618,72.425,140.5056,59.7734,24483.0508,25.0447
2018-04-13,31.165,104.5712,61.24,50.9806,40.9756,34.5342,71.5395,140.0518,59.3148,24360.1406,25.2177
2018-04-16,30.778,105.3586,60.5137,51.412,41.2313,34.6661,72.075,141.3728,59.1472,24573.0391,25.4581
2018-04-17,33.606,107.3738,62.6019,53.2041,41.7988,34.8213,75.1915,141.7619,59.5441,24786.6309,25.7689
2018-04-18,33.452,99.2862,62.0118,53.101,41.705,34.5342,76.392,145.7656,58.3887,24748.0703,25.6721
2018-04-19,33.27,98.5589,63.5098,53.8747,40.5231,34.3791,77.8455,143.5206,57.9742,24664.8906,25.7659
2018-04-20,32.777,96.6905,66.0067,53.1446,38.8627,33.9368,76.3745,143.4639,58.2917,24462.9395,25.4992
2018-04-23,31.869,97.3311,65.9159,52.8717,38.7502,34.123,75.893,143.9907,58.9885,24448.6895,25.2412
2018-04-24,30.702,97.1309,66.6422,50.5205,38.2108,33.417,73.0045,142.856,59.0678,24024.1309,25.3672
2018-04-25,30.576,97.3845,63.7822,50.5799,38.3773,32.9204,73.0085,143.7719,58.8033,24083.8301,25.5548
2018-04-26,31.398,97.9049,65.2803,51.5141,38.511,33.1687,75.898,150.5232,60.0204,24322.3398,25.7806
2018-04-27,31.176,97.7448,65.2803,51.0193,38.0654,33.6032,78.631,151.123,61.3522,24311.1895,25.59
2018-04-30,31.246,96.7305,63.873,50.3892,38.7549,33.5256,78.3065,149.7776,60.3203,24163.1504,25.933
2018-05-01,31.33,96.7572,63.7822,51.3789,39.6554,33.0446,79.113,149.6398,60.0645,24099.0508,25.6252
2018-05-02,31.336,95.0556,64.3724,50.7384,41.4071,32.6334,78.484,150.6772,60.2056,23924.9805,25.3115
2018-05-03,31.169,94.7486,63.2375,50.7057,41.4822,32.5015,78.604,148.4727,59.0061,23930.1504,25.2793
2018-05-04,32.009,96.0298,64.0092,51.9187,43.1097,32.8661,79.0475,149.964,60.0645,24262.5098,25.6604
2018-05-07,32.626,95.5694,63.873,52.2447,43.4216,32.6954,80.007,148.7726,61.1582,24357.3203,25.0565
2018-05-08,32.689,95.4226,64.781,52.2011,43.6303,32.4394,79.6195,149.9721,60.382,24360.2109,25.1356
2018-05-09,33.03,96.2188,66.3698,53.63,43.9375,32.4161,80.4,151.0419,59.9322,24542.5391,24.35
2018-05-10,32.96,97.3185,66.6876,54.3636,44.566,32.7264,80.454,151.6903,59.9057,24739.5293,24.3942
2018-05-11,32.646,97.251,66.2791,54.3978,44.3965,32.6954,80.1455,154.2433,60.3556,24831.1699,24.5978
2018-05-14,32.853,97.359,66.7784,54.4939,44.2929,32.6178,80.077,154.8674,60.7172,24899.4102,24.8957
2018-05-15,32.613,96.9812,66.7784,53.4552,43.8903,32.3696,78.806,152.3549,61.2993,24706.4102,24.9341
2018-05-16,32.819,97.5817,68.2311,53.581,44.3,32.2376,79.364,151.0581,62.9222,24768.9297,25.409
2018-05-17,32.522,97.4939,68.2311,53.4235,44.0198,32.8196,79.088,150.2071,62.5694,24713.9805,24.9252
2018-05-18,32.418,97.2105,67.9587,52.8177,43.8597,32.7264,78.7185,151.901,62.9046,24715.0898,24.6745
2018-05-21,33.182,98.1619,69.2752,53.4725,44.1705,32.9049,79.273,153.8219,62.9575,25013.2891,24.9311
2018-05-22,33.162,97.892,69.4114,52.9846,44.0598,32.7808,79.07,151.4552,62.8958,24834.4102,24.5948
2018-05-23,34.472,97.6086,64.3724,53.478,44.3423,32.8972,80.093,151.2932,62.9222,24886.8105,24.4886
2018-05-24,34.929,97.2038,66.2791,53.4557,44.2929,32.8351,80.1535,151.6822,63.6631,24811.7598,24.4414
2018-05-25,35.129,96.9137,66.4152,53.2784,44.3941,32.8972,80.5075,151.4391,63.7248,24753.0898,24.3264
2018-05-29,34.973,95.2809,64.3724,52.5186,44.234,33.1144,80.6435,149.9397,62.5518,24361.4492,24.3087
2018-05-30,35.354,96.2255,64.327,52.8891,44.1399,33.4635,81.2445,152.4826,63.7072,24667.7793,24.8161
2018-05-31,35.16,95.3417,63.9184,53.7405,43.9916,33.3627,81.481,152.0424,63.3279,24415.8398,24.35
2018-06-01,35.993,95.7735,64.0092,55.4498,44.7849,33.4558,82.077,152.6945,64.3539,24635.2109,24.4827
2018-06-04,36.181,96.5089,62.2388,56.43,45.1592,33.7429,83.2635,155.9626,65.3003,24813.6895,25.1996
2018-06-05,36.58,96.9542,62.6473,56.4483,45.5076,33.448,84.8175,156.4354,65.4949,24799.9805,24.9636
2018-06-06,36.745,97.6356,61.921,56.3106,45.6653,33.7196,84.7875,157.7802,66.114,25146.3906,24.9459
2018-06-07,36.14,98.0742,62.5565,55.6657,45.5429,33.7041,84.465,159.883,66.1228,25241.4102,25.0609
2018-06-08,36.057,98.6004,63.2375,55.5177,45.1286,34.0998,84.1995,161.6434,66.2467,25316.5293,24.8869
2018-06-11,36.145,98.8973,63.4645,55.9694,45.018,34.2394,84.456,162.7111,65.9725,25322.3105,24.8692
2018-06-12,36.383,99.093,63.4645,56.4315,45.2651,34.4567,84.9375,164.0722,65.7072,25320.7305,24.8102
2018-06-13,37.993,98.7421,63.0559,56.2071,44.8932,34.2782,85.243,163.2571,65.5479,25201.1992,24.8072
2018-06-14,39.287,97.9662,61.921,57.0655,44.9167,34.1138,86.193,162.7355,66.0698,25175.3105,24.7187
2018-06-15,39.198,98.0944,60.9134,57.0724,44.4553,34.5365,85.7985,163.4446,67.0781,25090.4805,24.6922
2018-06-18,39.04,97.4804,60.4554,58.1225,44.4318,34.0903,86.1895,163.5669,66.8747,24987.4707,24.4857
2018-06-19,40.498,97.0891,59.3104,57.855,43.7138,34.1295,86.739,162.3606,65.6806,24700.2109,24.6656
2018-06-20,41.676,96.2322,58.9898,57.9432,43.9045,33.8633,87.504,162.2547,66.0875,24657.8008,24.6656
2018-06-21,41.544,95.3012,58.4402,57.3399,43.6596,33.7303,86.511,163.2571,65.3976,24461.6992,24.8426
2018-06-22,41.109,95.3214,59.7684,57.2319,43.5325,33.8555,85.7835,160.8936,64.9465,24580.8906,25.0226
2018-06-25,38.448,93.6414,58.3944,55.7128,42.8851,34.1138,83.1575,160.0541,63.9913,24252.8008,25.5093
2018-06-26,39.939,93.8371,62.9286,55.3983,43.4172,33.9181,84.5545,160.0378,64.177,24283.1094,25.3648
2018-06-27,39.039,92.7575,63.9361,54.6811,43.3536,33.7146,83.0255,158.9457,63.1068,24117.5898,25.6332
2018-06-28,39.542,94.4848,63.3408,55.1883,43.669,34.0277,85.0725,159.1005,63.4164,24216.0508,25.3294
2018-06-29,39.143,94.2554,62.3332,55.2591,43.5772,34.333,84.99,159.0109,70.4744,24271.4102,25.2674
2018-07-02,39.818,94.3633,61.234,55.8441,44.0645,34.2469,85.689,158.1306,69.2981,24307.1797,24.7807
2018-07-03,39.052,94.1677,61.234,54.6271,43.2971,34.4348,84.698,157.8046,67.4672,24174.8203,24.9105
2018-07-05,39.839,95.4226,61.5088,55.6861,43.6455,34.9592,84.9865,158.4485,67.706,24356.7402,24.9488
2018-07-06,40.825,96.131,63.4324,56.4736,44.2505,34.9436,85.5315,158.5056,67.6441,24456.4805,24.9311
2018-07-09,41.897,97.4197,63.8904,57.1611,44.865,34.7557,86.951,159.8096,68.3517,24776.5898,25.35
2018-07-10,41.563,97.6356,64.8979,57.1012,44.8108,35.2019,87.1535,161.0566,68.6082,24919.6602,25.7276
2018-07-11,41.865,97.7908,64.0735,57.1537,44.2293,35.061,87.75,160.5187,68.4225,24700.4492,25.527
2018-07-12,41.35,98.8096,64.0735,58.6188,44.9709,34.9671,89.831,161.3336,68.4313,24924.8906,25.5241
2018-07-13,39.58,98.4385,63.6155,58.8833,45.0415,35.0219,90.6515,161.9368,68.4402,25019.4102,25.8722
2018-07-16,40.048,98.1416,63.6614,58.6376,44.9426,35.014,91.1245,162.0917,68.7674,25064.3594,25.8545
2018-07-17,37.948,96.8125,62.6996,59.3776,45.0698,35.4211,92.1965,163.901,68.5198,25119.8906,26.0167
2018-07-18,37.513,97.5074,62.9744,59.233,44.8226,35.3193,92.146,163.7951,67.7414,25199.2891,25.9814
2018-07-19,36.423,100.692,62.8828,58.7911,45.171,35.3115,90.6485,165.148,68.0598,25064.5,25.8781
2018-07-20,36.105,98.7421,60.089,58.6896,45.0674,35.4446,90.685,165.0013,68.0687,25058.1191,25.9784
2018-07-23,36.266,98.3036,59.4936,59.7095,45.1074,35.1862,90.1,164.822,67.7414,25044.2891,25.8515
2018-07-24,35.732,98.7624,60.089,61.8185,45.4346,35.4289,91.462,164.6264,66.8039,25241.9395,25.9489
2018-07-25,36.287,98.9243,60.0432,62.5921,45.8631,36.0786,93.1805,163.8195,68.2456,25414.0996,25.9312
2018-07-26,36.309,98.985,60.2264,62.8215,45.7195,36.196,90.4,162.5154,69.1212,25527.0703,26.0286
2018-07-27,35.521,97.9325,59.8142,61.344,44.9591,36.1725,90.8635,160.6735,68.0068,25451.0605,25.9991
2018-07-30,33.496,98.1619,60.2722,60.4148,44.7072,36.1882,88.961,160.7876,67.1842,25306.8301,26.2203
2018-07-31,33.745,97.7841,62.4248,60.2919,44.7967,36.5013,88.872,160.9832,68.0245,25415.1895,26.3236
2018-08-01,33.838,96.8192,60.6386,60.4281,47.4356,36.3134,89.8585,159.9889,68.5817,25333.8203,26.0315
2018-08-02,34.45,96.4549,60.318,60.7323,48.8222,36.1491,91.7165,159.4673,69.5634,25326.1602,26.1849
2018-08-03,34.309,99.653,60.1806,60.6114,48.9635,36.4935,91.1645,159.451,69.6431,25462.5801,26.4327
2018-08-06,35.092,98.5262,59.9974,60.6639,49.2177,36.517,92.3875,159.4917,70.3241,25502.1797,26.4534
2018-08-07,35.183,99.1874,60.2722,61.5282,48.7563,36.3996,93.124,160.6001,71.2262,25628.9102,26.4829
2018-08-08,34.761,99.1065,59.7684,61.6961,48.7893,36.1256,94.326,161.3907,71.1997,25583.75,26.5655
2018-08-09,34.936,98.7314,59.2646,61.869,49.173,36.2821,94.926,161.4396,71.8719,25509.2305,26.4112
2018-08-10,34.587,98.5336,58.486,61.2999,49.0265,36.0708,94.315,159.9889,71.4031,25313.1406,26.7583
2018-08-13,34.131,97.3265,57.0204,61.1711,49.3431,35.8751,94.81,158.2284,70.8901,25187.6992,26.5981
2018-08-14,33.749,97.7698,56.5624,61.5223,49.551,35.9221,95.9825,157.3808,70.8813,25299.9199,26.9571
2018-08-15,32.64,98.1449,55.967,60.1493,49.6667,36.0708,94.131,158.1062,70.3771,25162.4102,26.7702
2018-08-16,32.244,99.1201,56.3334,59.7585,50.3943,36.1804,94.326,159.2472,70.8017,25558.7305,29.2686
2018-08-17,31.678,99.6112,56.3334,59.4846,51.4007,36.4778,94.111,159.3858,70.5363,25669.3203,29.0342
2018-08-20,32.773,99.918,56.3334,59.8219,50.8999,36.5796,93.8355,161.3174,72.6856,25758.6895,28.4853
2018-08-21,33.802,99.5498,57.8448,59.5173,50.8007,36.1804,94.171,163.192,73.3666,25822.2891,28.509
2018-08-22,34.444,99.0519,57.112,59.8001,50.8031,35.9534,95.245,162.165,73.0925,25733.5996,28.3873
2018-08-23,33.917,99.1406,57.4326,59.7035,50.907,35.7733,95.145,163.1349,73.3313,25656.9805,28.2419
2018-08-24,35.882,99.5975,57.2494,60.4599,51.0653,35.7185,95.2695,164.064,72.9244,25790.3496,28.1737
2018-08-27,36.458,100.0408,58.486,61.5084,51.4858,35.7655,96.384,164.6181,73.1013,26049.6406,28.052
2018-08-28,36.849,99.9726,58.4402,60.9799,51.9016,35.515,96.641,164.6101,73.0394,26064.0195,28.506
2018-08-29,36.804,100.6205,59.402,61.8789,52.6764,35.4837,99.905,165.2163,73.2251,26124.5703,28.3784
2018-08-30,37.098,99.5225,58.486,61.3747,53.1607,35.1862,100.119,163.2338,71.9957,25986.9199,28.5149
2018-08-31,36.768,99.8976,59.2646,60.338,53.7749,34.8888,100.6355,164.4708,72.8824,25964.8203,28.4437
2018-09-04,36.36,99.352,58.028,59.2884,53.9474,35.0375,101.9755,168.0016,70.5771,25952.4805,28.2954
2018-09-05,34.118,100.0203,57.5242,58.7674,53.5954,35.5228,99.741,167.2397,70.8608,25974.9902,28.6692
2018-09-06,34.646,99.8362,57.2952,58.0224,52.7048,35.8281,97.9155,168.6651,71.2864,25995.8691,28.6188
2018-09-07,34.868,99.1951,56.7914,57.695,52.2795,35.789,97.6035,168.9436,71.1977,25916.5391,28.4348
2018-09-10,34.841,99.3315,57.2952,57.6856,51.5779,36.0551,96.9505,172.5973,72.7937,25857.0703,28.7523
2018-09-11,35.593,99.9044,56.4708,58.3157,52.8819,36.0238,99.3575,175.1859,73.2636,25971.0605,28.6752
2018-09-12,36.995,99.9589,57.7532,57.5955,52.2252,36.196,99.5,173.6541,73.5917,25998.9199,28.4764
2018-09-13,36.815,101.5821,58.2112,58.2151,53.4867,36.1803,99.4935,171.5814,74.0084,26145.9902,28.2241
2018-09-14,36.456,101.1592,58.6273,58.0764,52.8796,36.3065,98.5095,171.2702,74.0261,26154.6699,28.0669
2018-09-17,35.035,100.8933,58.7198,57.2602,51.4716,36.5671,95.4015,170.7213,73.8222,26062.1191,28.1351
2018-09-18,36.765,101.3161,58.5349,57.5162,51.5566,36.2592,97.0525,172.8676,75.5955,26246.9609,28.3161
2018-09-19,36.696,101.6571,59.4596,58.0051,51.5873,36.2829,96.321,173.4083,74.8596,26405.7598,28.2597
2018-09-20,36.536,103.0825,57.6101,58.7867,51.9795,36.8197,97.215,172.9003,75.693,26656.9805,28.4111
2018-09-21,36.119,103.2189,56.2693,57.7574,51.4196,36.7723,95.7505,173.9899,75.8526,26743.5,28.4556
2018-09-24,36.961,102.3186,54.2811,58.118,52.159,36.3697,96.718,170.3854,74.7177,26562.0508,28.1648
2018-09-25,36.943,101.5548,52.1081,58.6767,52.4898,36.0618,98.7275,169.9513,75.1788,26492.2109,28.2182
2018-09-26,37.788,103.3961,52.6629,58.4707,52.0716,36.196,98.7425,170.0004,74.2123,26385.2793,28.0669
2018-09-27,38.071,103.3212,53.3102,59.1716,53.1418,36.3223,100.649,169.4433,74.9571,26439.9297,27.9304
2018-09-28,37.413,103.1234,52.2005,59.1136,53.3284,36.4644,100.15,169.6973,75.1167,26458.3105,27.8651
2018-10-01,38.143,104.3441,55.8994,59.2047,53.6875,36.496,100.218,170.0659,74.8862,26651.2109,28.0105
2018-10-02,37.714,104.8556,56.9628,59.4425,54.1647,36.7171,98.5655,167.7312,73.3877,26773.9395,28.233
2018-10-03,37.705,104.4942,57.7026,59.5831,54.8238,36.2118,97.638,166.9038,73.1484,26828.3906,27.9126
2018-10-04,36.365,103.1916,58.5349,57.8615,53.86,36.196,95.471,162.8979,71.0913,26627.4805,27.9541
2018-10-05,35.135,101.6366,60.9391,57.3245,52.9859,36.2197,94.4825,160.8745,71.0381,26447.0508,27.6871
2018-10-08,34.91,101.2002,62.9273,56.9095,52.863,36.6934,93.221,162.5375,71.1357,26486.7793,28.0965
2018-10-09,35.571,100.4159,62.6499,56.4067,53.5954,36.6223,93.516,160.3584,71.3041,26430.5703,28.8057
2018-10-10,32.589,97.3128,61.4015,53.5538,51.1125,36.0618,87.7625,158.679,66.4453,25598.7402,28.414
2018-10-11,32.11,94.8099,58.8123,53.4597,50.6613,35.2408,85.968,155.435,66.0641,25052.8301,27.8681
2018-10-12,33.956,96.058,56.9628,54.9832,52.4709,35.2724,89.4305,157.6714,67.3054,25339.9902,28.1322
2018-10-15,33.313,96.2489,56.1768,54.1001,51.3487,35.454,88.0475,156.6065,66.4896,25250.5508,27.8384
2018-10-16,34.64,98.97,55.9456,55.538,52.4803,35.9118,90.998,158.5808,68.6974,25798.4199,28.4289
2018-10-17,36.47,91.4205,56.3618,55.2611,52.2535,36.2039,91.5865,151.6912,67.8108,25706.6797,28.6514
2018-10-18,34.671,89.0335,57.2402,53.8881,51.0322,36.0066,88.536,147.8165,67.0305,25379.4492,28.5357
2018-10-19,33.267,88.0446,58.0725,54.3086,51.8094,36.575,88.2015,147.3331,65.7981,25444.3398,28.8265
2018-10-22,32.954,88.6721,57.2402,54.5414,52.126,36.2908,89.465,146.432,66.4098,25317.4102,28.8235
2018-10-23,33.316,89.4836,58.6736,54.6667,52.6173,36.5987,88.435,146.2518,65.0355,25191.4297,29.0193
2018-10-24,30.183,86.7557,56.2693,52.0426,50.8125,36.8908,83.21,144.9739,63.945,24583.4199,28.9481
2018-10-25,31.287,86.2374,54.5586,54.2645,51.9252,36.7171,89.1085,146.6942,64.8139,24984.5508,29.4288
2018-10-26,29.983,85.1053,52.2468,53.0708,51.0983,36.2513,82.1405,141.0909,63.9007,24688.3105,29.3576
2018-10-29,28.484,81.593,51.5994,50.5254,50.1392,36.6776,76.944,141.8855,64.0071,24442.9199,29.6128
2018-10-30,28.581,78.7014,47.0683,51.3244,50.3896,37.6013,76.521,144.3758,66.0641,24874.6406,30.3902
2018-10-31,30.178,78.7218,46.6984,53.3334,51.7031,37.7986,79.9005,144.081,66.534,25115.7598,29.7552
2018-11-01,31.738,79.6766,44.2942,52.998,52.4969,37.6881,83.2765,147.8329,68.0856,25380.7402,29.8442
2018-11-02,30.91,78.8855,42.9533,52.3932,49.0147,37.8933,83.2765,147.3987,67.8994,25270.8301,30.0697
2018-11-05,31.544,81.8794,42.9071,51.5166,47.6233,38.4381,81.39,149.25,68.7417,25461.6992,30.5356
2018-11-06,31.084,83.9663,43.5544,52.2952,48.1383,38.7696,82.1405,149.1026,67.8906,25635.0098,30.6602
2018-11-07,32.75,85.1393,42.5372,54.1565,49.5982,38.9749,87.7745,153.3788,69.1319,26180.3008,30.954
2018-11-08,31.792,85.2153,42.0748,53.6122,49.4252,38.9433,87.7455,154.0096,68.9634,26191.2207,31.1201
2018-11-09,30.347,85.3258,39.6705,52.8073,48.4722,39.2196,85.6215,152.363,67.7043,25989.3008,31.3219
2018-11-12,29.407,83.5025,36.9426,51.4442,46.0304,39.3696,81.8425,146.989,66.5872,25387.1797,30.8204
2018-11-13,29.44,83.461,39.8093,51.3164,45.5705,39.3617,81.5585,146.6368,66.6758,25286.4902,30.5445
2018-11-14,28.673,83.019,38.4684,51.6934,44.2833,39.2828,79.9505,147.3741,66.6758,25080.5,30.1261
2018-11-15,29.006,83.8754,37.7749,52.736,45.3761,39.267,80.972,145.2933,65.9045,25289.2695,29.5357
2018-11-16,28.621,83.9652,37.0813,52.5765,45.8787,39.6064,79.6705,145.0148,66.268,25413.2207,28.9867
2018-11-19,27.06,83.095,36.2491,50.5215,44.0604,39.8748,75.6145,142.205,64.2997,25017.4395,28.7167
2018-11-20,26.698,80.947,35.3706,50.8068,41.9553,38.9828,74.773,138.4857,63.0583,24465.6406,27.9393
2018-11-21,26.213,81.8932,36.1104,51.3937,41.9079,38.4696,75.8365,138.6906,64.1666,24464.6895,27.9423
2018-11-23,25.882,80.9401,35.0007,50.7137,40.8435,38.6986,75.103,138.3219,63.3864,24285.9492,28.2182
2018-11-26,26.143,82.577,35.0469,51.9391,41.3959,38.5802,79.0665,139.1166,64.4681,24640.2402,28.233
2018-11-27,26.663,82.9016,34.3996,51.7305,41.3058,38.9749,79.071,141.9018,63.9184,24748.7305,28.2004
2018-11-28,28.265,84.9529,35.7867,53.8019,42.8941,39.2433,83.8875,146.2201,66.1971,25366.4297,28.9185
2018-11-29,28.875,83.9031,36.7114,53.9044,42.5646,38.9728,83.6785,144.7615,65.9133,25338.8398,28.868
2018-11-30,28.613,85.83,34.677,54.2081,42.3346,40.1026,84.5085,148.6017,66.8026,25538.4609,28.9748
2018-12-03,29.03,86.5483,36.1104,54.8024,43.8139,39.5377,88.618,149.7721,69.3104,25826.4297,29.3012
2018-12-04,27.533,83.9859,33.6598,52.048,41.8866,39.4502,83.42,144.4648,67.3984,25027.0703,28.4289
2018-12-06,28.288,85.5814,33.9835,52.9351,41.4196,39.291,84.9595,145.0087,67.1761,24947.6699,28.2737
2018-12-07,26.514,82.425,32.4115,51.3427,39.9427,39.0603,81.4565,142.3963,65.2197,24388.9492,27.8024
2018-12-10,26.97,83.6613,32.0416,51.4898,40.2058,39.1796,82.0515,141.4898,64.4816,24423.2598,28.0261
2018-12-11,26.532,83.4956,31.2556,52.0941,39.9759,39.4184,82.162,141.9183,65.4242,24370.2402,27.9993
2018-12-12,27.488,83.682,31.0244,52.685,40.0873,39.1637,83.177,143.5665,66.0912,24527.2695,27.7785
2018-12-13,27.602,83.385,33.29,52.5968,40.5258,39.3626,82.919,143.2864,64.8551,24597.3809,27.7337
2018-12-14,26.684,82.8118,32.8276,51.6161,39.2291,39.2592,79.5955,141.9843,64.4994,24100.5098,27.4026
2018-12-17,26.28,80.1872,33.0588,50.3496,38.864,38.4556,76.0455,138.4241,62.1606,23592.9805,27.0804
2018-12-18,27.094,80.5671,33.6598,50.9529,39.369,38.4476,77.574,140.1301,63.2722,23675.6406,27.1729
2018-12-19,26.677,80.4152,35.4655,50.6706,38.141,38.1134,74.754,138.0863,61.3335,23323.6602,27.0147
2018-12-20,26.058,78.0599,34.447,49.9969,37.1785,37.827,73.0415,135.2843,60.053,22859.5996,26.0392
2018-12-21,24.639,76.6234,33.1043,48.5175,35.7324,37.8508,68.8725,132.2516,64.3571,22445.3691,25.9944
2018-12-24,23.388,74.2958,32.0394,48.353,34.8079,36.5698,67.198,130.3232,60.5599,21792.1992,25.6036
2018-12-26,25.367,76.9342,34.2154,51.4854,37.2591,37.3496,73.545,138.6796,64.9263,22878.4492,26.973
2018-12-27,25.557,78.5849,33.6599,51.7043,37.0173,37.819,73.082,140.3608,65.5132,23138.8203,27.325
2018-12-28,25.608,78.0669,34.771,51.3675,37.0363,37.5564,73.901,140.2784,65.2197,23062.4004,27.4861
2018-12-31,26.766,78.5089,35.0488,51.2947,37.3942,37.6758,75.0985,141.597,65.9311,23327.4609,27.7904
2019-01-02,26.766,79.5725,37.2712,51.8019,37.4369,37.3416,76.9565,142.0832,65.86,23346.2402,27.8471
2019-01-03,27.12,77.984,37.3175,50.3263,33.7079,37.1108,75.014,138.9515,64.695,22686.2207,27.7039
2019-01-04,29.757,81.0299,38.1046,53.0332,35.1469,37.8508,78.7695,143.0803,66.3846,23433.1602,27.8769
2019-01-07,31.534,81.6031,40.4659,52.9183,35.0687,37.3575,81.4755,145.8987,67.3362,23531.3496,28.2051
2019-01-08,32.027,82.7634,39.6325,53.3091,35.7372,37.7792,82.829,146.5992,68.2343,23787.4492,28.402
2019-01-09,31.996,83.3574,39.3547,53.2288,36.3441,37.0552,82.971,148.1156,68.1098,23879.1191,28.3095
2019-01-10,32.466,84.1171,41.3919,53.0144,36.4602,37.453,82.811,147.5634,67.9586,24001.9199,28.3304
2019-01-11,33.759,83.8892,41.3919,52.3635,36.1023,37.6678,82.028,147.8519,67.6207,23995.9492,28.2946
2019-01-14,33.294,83.1502,41.2067,51.7444,35.5594,37.5167,80.8605,147.3574,67.6652,23909.8398,28.3274
2019-01-15,35.464,84.0757,40.4196,53.3522,36.2872,37.8508,83.728,145.429,69.257,24065.5898,28.7153
2019-01-16,35.139,83.9997,41.5771,53.5414,36.7305,37.3336,84.189,145.8987,69.0792,24207.1602,28.7451
2019-01-17,35.319,84.3934,42.3179,53.9837,36.9486,37.445,84.661,144.1104,70.3686,24370.0996,28.8615
2019-01-18,33.91,85.5192,41.9475,54.3978,37.1762,37.8827,84.81,147.9919,71.5424,24706.3496,29.1568
2019-01-22,32.516,84.6213,40.0955,53.0238,36.3417,37.9702,81.6085,145.9564,71.8092,24404.4805,29.0852
2019-01-23,32.199,91.7836,40.4196,53.2739,36.4887,38.4078,82.001,145.7751,71.5869,24575.6191,29.4492
2019-01-24,32.667,91.535,40.6511,53.1912,36.1995,37.9463,82.7465,146.1048,71.5336,24553.2402,29.3448
2019-01-25,33.805,92.5296,42.4105,54.0377,37.399,37.6917,83.5285,148.6677,71.6847,24737.1992,28.9211
2019-01-28,33.566,92.7368,41.3456,53.002,37.0529,37.5326,81.8945,148.198,71.4268,24528.2207,28.9569
2019-01-29,32.89,92.7782,41.2067,52.5334,36.6688,37.7156,79.694,148.0826,71.3379,24579.9609,28.8525
2019-01-30,34.066,92.8127,42.1327,53.9421,39.1746,38.0816,83.5215,150.1346,72.2805,25014.8594,28.2827
2019-01-31,33.95,92.8404,47.0405,55.2948,39.4567,38.2964,85.9365,151.2471,72.8141,24999.6699,28.59
2019-02-01,33.985,92.6194,47.1794,55.0164,39.4757,38.75,81.3115,151.9394,72.4851,25063.8906,28.0023
2019-02-04,35.134,93.3722,47.272,56.1086,40.597,39.1876,81.6655,153.637,72.9119,25239.3691,28.2737
2019-02-05,35.581,93.6208,49.2165,56.7619,41.2915,39.1956,82.9405,153.6041,73.6856,25411.5195,28.5214
2019-02-06,35.219,94.1526,48.4757,55.2383,41.3058,39.1956,82.013,152.2278,73.5522,25390.3008,28.5333
2019-02-07,34.471,93.0626,46.5775,54.4201,40.5235,39.3229,80.7185,151.6922,73.2677,25169.5293,28.8585
2019-02-08,34.757,93.426,45.42,54.2393,40.5711,39.3865,79.411,152.0795,73.241,25106.3301,28.5154
2019-02-11,34.573,93.6216,46.4386,54.2368,40.3378,39.474,79.55,150.7444,74.4148,25053.1094,28.7004
2019-02-12,35.997,95.061,46.2071,55.5424,40.6854,39.5138,81.9005,152.8871,75.3308,25425.7598,28.9301
2019-02-13,35.177,96.0881,48.0128,55.4825,40.5163,39.6173,82.0,155.2688,75.9444,25543.2695,29.2195
2019-02-14,35.907,95.3614,46.4849,55.5573,40.6639,36.2754,81.1325,154.6919,75.3041,25439.3906,29.3925
2019-02-15,35.687,96.4445,46.7164,55.16,40.5735,35.9969,80.3975,158.5487,75.9266,25883.25,29.8311
2019-02-19,36.192,96.9126,46.9016,55.4032,40.6949,35.6707,81.379,158.4992,75.2063,25891.3203,30.4904
2019-02-20,35.991,96.4235,46.7627,55.1675,40.9568,35.8855,81.105,158.1037,75.4464,25954.4395,29.7983
2019-02-21,35.697,96.3117,46.4386,54.3339,40.7259,36.4902,80.972,158.0789,74.6549,25850.6309,29.6521
2019-02-22,36.302,97.2969,47.0868,54.9976,41.1806,36.0287,81.578,158.5487,75.3753,26031.8105,29.6998
2019-02-25,36.391,97.4436,50.0962,54.9495,41.4806,35.7582,81.65,156.5626,75.7398,26091.9492,29.5715
2019-02-26,36.497,97.6253,51.3297,55.2333,41.5044,35.5593,81.82,155.1781,76.3001,26057.9805,29.4432
2019-02-27,36.287,97.241,52.389,55.2789,41.6329,35.7582,82.0545,151.3625,76.6291,25985.1602,29.2702
2019-02-28,35.81,96.5143,50.0296,55.4706,41.2234,36.0765,81.9915,152.574,76.2378,25916.0,29.5327
2019-03-01,35.732,97.2619,49.4517,56.5142,41.6567,36.1083,83.5865,152.5986,77.7089,26026.3203,29.2165
2019-03-04,35.104,96.7239,49.9814,56.8515,41.8662,36.3231,84.8085,151.4779,76.3537,25819.6504,29.1926
2019-03-05,35.43,96.3396,47.622,57.5563,41.7901,36.2833,84.6215,151.6345,76.1754,25806.6309,29.3388
2019-03-06,35.961,95.7108,43.8662,57.3498,41.5496,36.164,83.4475,152.0053,75.899,25673.4609,29.315
2019-03-07,35.26,94.5789,45.5033,56.6286,41.0687,36.0287,81.2975,150.4066,76.015,25473.2305,29.0733
2019-03-08,34.96,94.3902,46.1782,56.5801,41.1663,35.6786,81.04,149.3518,75.6048,25450.2402,29.1151
2019-03-11,35.886,96.2209,47.7206,58.2364,42.5924,36.7448,83.531,150.3489,76.5142,25650.8809,29.3806
2019-03-12,35.627,96.6191,47.0458,59.1002,43.0709,36.6414,83.655,151.6345,76.1665,25554.6602,29.3478
2019-03-13,36.121,96.8148,48.2991,59.1062,43.2614,36.7767,84.5405,150.3891,76.6123,25702.8906,29.5447
2019-03-14,35.882,96.9755,49.6487,58.7213,43.7423,36.6803,84.311,150.7793,77.4504,25709.9395,29.4607
2019-03-15,36.146,97.4227,48.0098,58.6673,44.3113,36.3593,85.618,151.2941,77.388,25848.8691,29.5207
2019-03-18,36.344,97.9677,49.1667,58.6574,44.7637,36.4476,87.1075,152.282,78.2974,25914.0996,29.8926
2019-03-19,35.878,98.1633,49.1185,59.3801,44.4089,36.568,88.0925,152.8716,78.1815,25887.3809,29.9496
2019-03-20,37.522,97.5415,49.2631,60.6243,44.797,36.5439,89.8635,154.5071,77.2899,25745.6699,29.5867
2019-03-21,37.787,98.8271,49.5041,60.9992,46.4469,36.5278,90.963,157.7202,78.4668,25962.5098,29.7126
2019-03-22,36.101,97.4367,48.1062,59.7095,45.485,36.865,88.2385,156.7072,73.2778,25502.3203,29.4787
2019-03-25,36.623,97.248,47.6242,59.0903,44.9351,36.9452,88.713,157.4793,73.4027,25516.8301,29.4457
2019-03-26,35.997,97.9747,48.6847,58.6753,44.4708,37.4348,89.188,157.197,74.3388,25657.7305,29.4907
2019-03-27,35.337,97.2899,48.0098,58.1007,44.8708,37.4107,88.285,157.1224,74.0802,25625.5898,29.1577
2019-03-28,35.461,97.765,47.6724,57.8763,44.9303,37.3867,88.671,157.7948,74.9272,25717.4609,29.1337
2019-03-29,35.656,98.5895,48.1545,58.1151,45.2232,37.6114,89.0375,159.3142,75.0788,25928.6797,29.2537
2019-04-01,36.696,100.1267,48.6847,59.1611,45.5303,37.499,90.7095,162.4276,75.9882,26258.4199,29.3407
2019-04-02,36.772,99.9171,49.3595,59.4613,46.1921,37.3786,90.699,161.3233,75.2215,26179.1309,29.0768
2019-04-03,36.975,100.3573,48.6847,59.7303,46.5088,37.0656,91.035,164.8934,75.3106,26218.1309,29.1517
2019-04-04,36.788,99.7634,48.3473,60.18,46.5897,37.3064,90.943,166.4209,76.0328,26384.6309,29.4277
2019-04-05,36.549,100.1127,48.2509,59.7912,46.9016,37.2984,91.864,167.7577,76.1398,26424.9902,29.6436
2019-04-08,36.141,100.1896,45.7443,59.6272,47.6397,37.3626,92.493,168.9948,75.5424,26341.0195,29.7636
2019-04-09,36.471,99.2952,44.4429,59.3008,47.4968,37.4589,91.792,166.7946,75.1412,26150.5801,29.6017
2019-04-10,36.392,99.9311,44.1536,59.544,47.7635,37.4348,92.3665,165.5742,75.6762,26157.1602,29.8746
2019-04-11,36.765,100.4621,43.9608,59.6659,47.3659,37.491,92.2035,167.2762,75.7832,26143.0508,30.2345
2019-04-12,35.114,100.8604,43.3824,60.3221,47.3468,37.5151,92.153,169.2438,76.8887,26412.3008,30.4625
2019-04-15,34.887,100.546,43.286,60.4821,47.4325,37.7238,92.2435,170.0824,77.4147,26384.7695,30.7235
2019-04-16,35.946,101.4124,44.0572,60.7808,47.4373,37.6836,93.152,169.7585,78.2795,26452.6602,30.8734
2019-04-17,35.474,97.199,43.9608,61.237,48.361,37.9485,93.241,171.4854,79.1087,26449.5391,30.9424
2019-04-18,36.035,98.0515,45.0695,61.2385,48.5348,38.109,93.0845,170.7466,79.5277,26559.5391,30.9484
2019-04-22,37.734,97.0454,44.9249,61.8561,48.6944,38.0448,94.3655,170.0159,77.8872,26511.0508,30.7055
2019-04-23,38.189,98.1284,44.9731,62.6343,49.3967,38.695,96.1885,171.0703,77.9497,26656.3906,30.9154
2019-04-24,37.423,97.786,44.9249,62.2108,49.3205,38.5103,95.0875,171.6266,78.8056,26597.0508,31.0534
2019-04-25,36.833,96.8637,43.9608,62.5798,48.8729,38.398,95.1125,171.444,78.0656,26462.0801,31.0504
2019-04-26,37.485,97.4297,46.13,63.0122,48.6396,38.7351,97.5315,169.0446,78.7342,26543.3301,30.4535
2019-04-29,37.183,97.1572,46.9012,63.7749,48.7134,38.8635,96.9215,167.8407,78.6897,26554.3906,30.4625
2019-04-30,37.054,98.0096,49.0221,58.8664,47.7754,39.3772,96.326,169.1193,78.3063,26592.9102,30.8464
2019-05-01,37.881,98.2122,48.6847,57.856,50.1205,39.0,95.576,165.0511,76.5856,26430.1406,30.4025
2019-05-02,37.906,97.5345,49.4077,57.5851,49.7943,38.8394,95.041,166.8859,76.0239,26307.7891,30.3395
2019-05-03,38.503,97.9956,50.6128,58.7139,50.4133,39.1043,98.123,166.5124,76.4072,26504.9492,30.6185
2019-05-06,37.867,98.0864,50.2754,58.9115,49.6348,38.9036,97.5275,165.7402,74.5082,26438.4805,30.7325
2019-05-07,37.046,96.172,48.7329,58.1542,48.2968,38.5264,96.05,161.7052,73.5899,25965.0898,30.3845
2019-05-08,36.437,96.4235,48.9739,57.7664,48.3063,38.406,95.8885,162.0373,73.7949,25967.3301,30.0846
2019-05-09,36.275,95.6882,48.3955,57.5737,47.7873,38.0448,94.9935,161.5475,73.9822,25828.3594,30.0152
2019-05-10,36.104,95.6741,48.8293,57.6673,47.1252,38.6789,94.499,161.5475,74.847,25942.3691,30.7299
2019-05-13,34.526,92.9167,47.576,56.0704,44.3864,38.5665,91.134,158.0273,73.581,25324.9902,30.1208
2019-05-14,34.561,94.2529,49.7451,55.4964,45.089,39.0802,92.006,159.09,74.5974,25532.0508,30.2414
2019-05-15,35.499,95.0236,49.4559,57.6643,45.6291,39.4735,93.5575,159.2062,74.9005,25648.0195,30.1177
2019-05-16,35.931,96.07,48.8293,58.3959,45.4284,39.7946,95.3785,159.7209,75.1412,25862.6797,30.5489
2019-05-17,35.445,94.967,48.2027,57.5697,45.1703,39.4896,93.45,159.887,75.3998,25764.0,30.4132
2019-05-20,34.811,95.5327,47.6242,56.4082,43.7578,39.2086,92.9485,158.5337,73.8663,25679.9004,30.6123
2019-05-21,35.427,96.473,48.0098,56.9422,44.5967,39.008,92.876,158.9488,74.5706,25877.3301,30.4917
2019-05-22,35.973,96.4023,47.7206,57.0308,43.6837,39.8508,92.984,156.84,74.1783,25776.6094,30.8264
2019-05-23,35.221,93.6025,46.0818,56.5033,42.938,40.0113,90.774,159.4055,73.6791,25490.4707,30.7148
2019-05-24,35.439,93.5247,45.5515,56.1417,42.7731,39.8186,91.164,160.7255,73.2511,25585.6895,30.959
2019-05-28,35.506,92.2379,45.1177,56.1754,42.5963,39.4093,91.8215,159.0319,72.3952,25347.7695,30.8837
2019-05-29,34.919,91.6935,45.1659,55.2992,42.3931,39.016,90.9595,157.7368,70.3178,25126.4102,30.7932
2019-05-30,35.185,91.6087,45.6479,55.373,42.613,39.5297,90.816,158.6417,70.6656,25169.8809,30.8143
2019-05-31,34.328,89.7846,45.5033,54.6637,41.841,39.4334,88.7535,157.6205,68.9669,24815.0391,30.5881
2019-06-03,33.663,90.6896,45.9371,51.3254,41.418,40.1156,84.6345,157.388,69.7,24819.7793,30.7449
2019-06-04,35.34,93.8146,48.2027,52.1585,42.9333,40.1317,86.478,162.1037,72.9722,25332.1797,30.9259
2019-06-05,35.573,92.9662,47.6724,51.6221,43.6263,40.7577,86.925,164.4447,73.9557,25539.5703,31.4867
2019-06-06,35.713,93.4823,47.817,51.7271,44.2669,41.2554,87.718,164.8461,73.7142,25720.6602,31.6948
2019-06-07,36.087,94.2529,48.1062,52.8019,45.4451,41.3276,90.2015,164.9547,74.5726,25983.9395,31.9813
2019-06-10,35.201,95.264,48.4437,53.5121,46.0259,41.2393,93.0315,165.5818,73.8305,26062.6797,32.4215
2019-06-11,35.127,96.1195,48.7811,53.4299,46.5588,41.1992,93.185,165.5483,74.4384,26048.5098,32.5481
2019-06-12,34.556,95.3559,49.5523,53.3462,46.4107,41.448,92.766,166.3259,73.8752,26004.8301,32.8135
2019-06-13,34.343,95.9851,49.6969,53.9277,46.4011,41.359,93.515,169.1768,74.7514,26106.7695,32.7622
2019-06-14,33.973,95.5538,49.3113,53.7583,46.0641,41.5046,93.4835,172.0362,74.5994,26089.6094,32.8889
2019-06-17,35.062,95.4125,48.4437,54.1125,46.339,41.1487,94.3015,173.0478,73.4103,26112.5293,32.916
2019-06-18,35.712,96.4235,50.2272,54.6623,47.4288,40.9627,95.0685,173.4659,75.3682,26465.5391,33.0638
2019-06-19,36.352,96.9184,49.8416,54.5994,47.2901,41.3509,95.4395,173.8504,74.6977,26504.0,33.0547
2019-06-20,36.521,98.1698,51.2394,55.0496,47.6702,41.7877,95.9095,176.6178,76.2087,26753.1699,33.2658
2019-06-21,36.921,98.4173,50.5164,55.5677,47.5076,41.6988,95.565,175.0627,76.6646,26719.1309,33.5101
2019-06-24,37.104,98.5233,49.5523,55.2527,47.4598,41.998,95.695,171.8104,75.547,26727.5391,33.5432
2019-06-25,36.03,97.8234,49.2631,53.8079,46.7405,41.8686,93.9135,171.175,73.8662,26548.2207,33.3864
2019-06-26,36.22,97.9365,49.5041,53.4834,47.7514,41.3509,94.8915,172.5796,73.8037,26536.8203,33.2176
2019-06-27,37.002,97.9365,50.1308,53.2957,47.7371,41.3186,95.214,173.0812,74.7961,26526.5801,33.1995
2019-06-28,36.732,97.4982,50.6615,53.5384,47.3021,41.1891,94.6815,173.8755,75.0553,26599.9609,33.3171
2019-07-01,37.46,98.898,51.2887,54.3824,48.1697,41.7392,96.1095,175.8068,76.3606,26717.4297,33.3563
2019-07-02,37.543,99.1385,51.2405,55.0412,48.4517,42.0466,96.7155,175.6897,75.9583,26786.6797,33.6518
2019-07-03,38.172,100.0717,51.1922,55.5528,48.8532,42.1436,96.95,177.3285,77.067,26966.0,33.8689
2019-07-05,38.055,99.9586,50.6615,56.0486,48.8102,42.1517,97.1455,176.7934,77.6212,26922.1191,33.7664
2019-07-08,37.616,99.3859,49.214,55.2938,47.804,42.0628,97.616,178.0056,79.1054,26806.1406,33.9895
2019-07-09,37.993,98.5092,49.4553,55.7138,48.0956,41.7311,99.415,177.2448,78.712,26783.4902,34.0378
2019-07-10,38.1,99.3152,49.214,56.489,48.5712,41.9172,100.8705,176.1998,78.1756,26860.1992,34.0679
2019-07-11,37.95,99.8596,48.7798,56.6737,48.2175,42.0951,100.0535,178.9504,78.9355,27088.0801,34.3513
2019-07-12,37.325,100.9201,50.0343,56.7079,48.5879,42.1598,100.55,182.4535,79.6776,27332.0293,34.5564
2019-07-15,36.66,101.3302,49.5518,56.9773,49.0444,42.1679,101.0495,182.8464,79.9994,27359.1602,34.671
2019-07-16,36.599,101.4787,50.0825,57.1378,48.8747,42.176,100.495,181.6425,79.2127,27335.6309,34.6046
2019-07-17,36.244,101.1535,48.1525,56.7797,48.5999,42.2083,99.6015,180.263,78.2292,27219.8496,34.5564
2019-07-18,32.521,105.7915,48.5385,56.7787,49.1519,42.087,98.895,179.2848,78.1756,27222.9707,34.5926
2019-07-19,31.51,105.8269,48.4421,55.9748,48.4182,41.5693,98.226,178.1143,77.3799,27154.1992,34.3453
2019-07-22,31.062,105.8693,49.2623,56.3696,49.5248,41.4318,99.2815,176.6345,76.8613,27171.9004,34.0197
2019-07-23,30.73,106.3218,51.3852,56.7728,49.9119,43.9475,99.7245,178.1477,77.514,27349.1895,33.7995
2019-07-24,31.794,106.0743,51.53,56.3567,49.8713,43.5026,100.0405,179.5106,77.514,27269.9707,33.7724
2019-07-25,32.646,106.3289,50.3238,56.0749,49.477,42.9283,98.691,180.2128,78.0325,27140.9805,33.8387
2019-07-26,33.578,107.0147,50.7098,61.9339,49.6491,43.8181,97.1525,181.3499,78.265,27192.4492,34.08
2019-07-29,33.27,106.6753,50.0825,61.389,50.1127,43.6725,95.6225,182.2946,78.3365,27221.3496,33.8538
2019-07-30,32.593,105.8905,50.758,60.6822,49.8976,43.4541,94.9265,181.7261,77.961,27198.0195,33.7905
2019-07-31,32.299,104.8088,50.4203,60.2632,50.9157,42.5724,93.339,178.6578,76.9149,26864.2695,33.2839
2019-08-01,31.95,106.2794,48.635,59.8833,49.814,42.087,92.766,177.9388,74.3133,26583.4199,32.9824
2019-08-02,31.883,104.1088,48.2491,59.1394,48.76,42.3297,91.162,177.3702,72.5431,26485.0098,32.9884
2019-08-05,30.763,99.5203,46.6086,57.0754,46.2075,41.7796,88.2565,171.3422,70.603,25717.7402,31.9089
2019-08-06,31.01,99.499,46.1743,57.9486,47.0822,42.2812,89.3915,174.5694,72.6861,26029.5195,32.3461
2019-08-07,30.429,98.3537,45.6436,58.1487,47.5698,43.0173,89.67,173.8253,72.6682,26007.0703,32.6265
2019-08-08,31.59,100.2207,45.7884,59.6748,48.619,43.4298,91.6445,176.8853,74.206,26378.1895,32.8841
2019-08-09,30.893,97.3808,44.1479,58.8432,48.2183,43.2114,90.379,175.5894,73.2941,26287.4395,32.5084
2019-08-12,31.083,95.621,43.6654,58.1844,48.096,43.0334,89.246,173.0729,72.999,25896.4395,31.8841
2019-08-13,31.228,97.1376,45.1129,59.3018,50.1328,43.2761,91.217,174.1765,74.4921,26279.9102,32.5478
2019-08-14,29.911,93.8899,43.5689,57.6683,48.6406,42.8635,88.148,168.5414,72.4447,25479.4199,32.1811
2019-08-15,29.576,94.3691,38.6475,57.8154,48.3983,43.5754,88.806,168.7086,71.0858,25579.3906,34.1477
2019-08-16,30.28,95.6854,42.4109,58.3275,49.5402,44.0122,89.6285,170.2637,71.7742,25886.0098,34.2386
2019-08-19,30.938,96.601,41.8319,59.3603,50.4638,44.2387,90.806,173.8588,72.5341,26135.7891,34.4871
2019-08-20,29.899,95.1417,40.4327,58.5797,50.4662,43.5835,90.069,181.5004,71.9977,25962.4395,33.9538
2019-08-21,29.781,96.0359,39.3712,59.0036,51.0132,43.7614,91.177,184.2677,73.9735,26202.7305,33.9447
2019-08-22,29.693,96.086,39.516,58.9184,50.97,44.0769,90.233,184.7861,74.4831,26252.2402,33.9114
2019-08-23,29.144,92.6881,38.4545,57.0244,48.6142,43.4702,87.481,181.8181,71.9173,25628.9004,33.5841
2019-08-26,29.498,92.9885,38.8405,57.8961,49.5378,44.1174,88.4435,182.8046,73.5355,25898.8301,33.9356
2019-08-27,29.103,93.8326,38.2615,57.8441,48.9788,44.263,88.0915,182.4367,73.3388,25777.9004,34.0659
2019-08-28,29.177,94.97,38.3097,58.0016,49.3075,44.5784,88.2125,185.5636,74.6351,26036.0996,34.1568
2019-08-29,29.678,96.4866,39.13,59.0829,50.1424,44.5299,89.32,190.0533,76.3338,26362.25,34.5689
2019-08-30,29.375,96.9516,39.8055,58.8476,50.0776,44.5218,88.8145,190.5465,75.7422,26403.2793,34.6235
2019-09-03,28.929,95.9286,40.1915,57.8714,49.3483,44.7321,89.492,187.3361,75.8946,26118.0195,34.7386
2019-09-04,29.152,97.5167,42.4592,58.5163,50.1855,45.1123,90.031,188.5473,77.4005,26355.4707,35.1235
2019-09-05,29.325,100.8431,42.5074,60.0007,51.1668,44.5865,92.036,191.912,79.2559,26728.1504,34.981
2019-09-06,29.017,100.5569,42.0249,59.6812,51.162,44.6755,91.6755,194.4187,79.498,26797.4609,34.7659
2019-09-09,29.434,102.0091,43.2311,59.6555,51.3803,44.1012,91.5675,195.8823,79.48,26835.5098,35.2507
2019-09-10,28.799,103.7617,44.0996,59.7342,51.9872,44.0041,91.0275,195.9917,77.8307,26909.4297,35.1659
2019-09-11,28.827,102.7245,45.1611,60.4361,53.6402,44.3034,91.1495,195.7057,77.759,27137.0391,35.1568
2019-09-12,28.886,102.7387,44.6786,61.1335,53.5202,44.5784,92.1775,196.6646,78.5837,27182.4492,35.4295
2019-09-13,29.415,102.7745,45.1133,61.3965,52.479,44.2118,91.967,196.816,78.27,27219.5195,35.5841
2019-09-16,29.429,101.9232,45.3065,60.9873,52.7549,43.9673,90.392,194.3009,78.2251,27076.8203,35.0204
2019-09-17,29.86,101.723,45.2099,60.8809,52.9468,44.1955,91.1275,193.6449,78.512,27110.8008,35.3053
2019-09-18,29.156,101.7372,45.3065,61.0423,53.4435,44.1873,90.873,194.1664,78.9512,27147.0801,35.5022
2019-09-19,28.66,102.2738,45.4997,61.3544,53.0092,44.4236,91.075,191.8868,78.6106,27094.7891,35.4871
2019-09-20,27.075,101.494,45.2582,60.9195,52.2343,43.9266,89.708,188.9848,77.6963,26935.0703,35.4477
2019-09-23,26.592,101.63,45.1133,61.1226,52.4718,44.114,89.265,190.3138,78.6016,26949.9902,35.6416
2019-09-24,25.459,101.351,43.3262,60.3662,52.2223,44.2444,87.0805,189.6072,78.1445,26807.7695,35.878
2019-09-25,26.475,102.4097,44.2439,61.7412,53.026,44.1384,88.4165,191.87,81.3982,26970.7109,35.8992
2019-09-26,26.331,102.6887,43.5677,61.4871,52.7525,44.3177,86.992,193.2915,82.6173,26891.1191,35.8477
2019-09-27,26.308,102.4669,43.6643,60.6798,52.4958,44.2525,86.2725,193.3504,82.7428,26820.25,35.8931
2019-09-30,26.762,104.0264,43.1813,60.3781,53.7313,44.3584,86.7955,195.1674,84.1859,26916.8301,35.9628
2019-10-01,26.958,102.7674,41.5873,59.6896,53.8801,44.5295,86.7825,194.3767,82.7159,26573.0391,35.7113
2019-10-02,26.803,101.3581,41.1043,58.2795,52.5294,43.2503,85.6615,189.725,82.0078,26078.6191,35.1871
2019-10-03,26.815,101.5942,42.0704,58.8342,52.9756,43.8695,86.221,190.7849,82.6621,26201.0391,35.2447
2019-10-04,27.279,102.2881,41.3941,59.8828,54.4606,44.4399,86.9825,191.727,83.424,26573.7207,35.8053
2019-10-07,27.446,101.0648,41.3458,59.8174,54.4726,43.894,86.633,190.726,83.5136,26478.0195,35.5234
2019-10-08,27.072,98.9903,39.9934,58.8986,53.8345,43.6577,85.2755,190.6671,82.2408,26164.0391,35.6295
2019-10-09,26.753,99.9131,40.3315,59.5514,54.4654,43.8614,86.0995,192.5765,82.931,26346.0098,36.0386
2019-10-10,28.048,100.9576,40.8145,59.8665,55.1995,43.7229,86.013,194.8224,83.3613,26496.6699,36.2446
2019-10-11,28.293,102.1236,42.5051,60.2023,56.6678,43.4295,86.596,197.388,84.1501,26816.5898,36.4356
2019-10-14,28.553,101.6085,42.1187,60.286,56.5862,43.4295,86.8215,196.9842,85.0464,26787.3594,36.1113
2019-10-15,28.425,102.2952,42.9398,61.5674,56.4543,43.6006,88.369,198.1955,84.9657,27024.8008,36.2204
2019-10-16,28.628,101.6586,42.9881,61.5986,56.2263,43.5843,88.8715,198.4311,85.0464,27001.9805,36.1871
2019-10-17,29.335,96.0431,43.6643,62.0656,56.4446,43.8288,89.374,199.1629,85.6559,27025.8809,36.3143
2019-10-18,27.53,95.9215,43.2779,61.6902,56.7157,44.6355,87.8755,200.1386,86.14,26770.1992,36.1022
2019-10-21,27.805,94.8413,42.4568,61.7229,57.6993,44.1873,89.283,199.104,86.2475,26827.6406,36.284
2019-10-22,26.669,95.8285,43.7609,61.5569,57.5674,43.8777,88.2865,199.5245,85.6918,26788.0996,36.2356
2019-10-23,27.127,96.1289,44.1473,62.3658,58.3399,44.5214,88.1085,197.3964,82.7517,26833.9492,36.1659
2019-10-24,27.15,95.9072,43.2296,62.4579,58.4359,44.4969,89.039,196.7403,82.0167,26805.5293,36.0901
2019-10-25,27.682,96.8872,43.4711,62.663,59.1556,43.7962,88.0665,197.1525,81.4968,26958.0605,36.0719
2019-10-28,28.186,97.2663,43.8092,63.8948,59.7481,43.6495,88.854,199.1881,81.4341,27090.7207,36.1265
2019-10-29,28.121,95.7283,43.8092,62.5387,58.3663,43.5192,88.1355,196.9506,80.0268,27071.4609,35.4992
2019-10-30,29.145,96.7513,48.8325,62.4728,58.3591,43.951,88.9995,198.7171,80.8425,27186.6895,35.7871
2019-10-31,28.741,95.6639,48.2046,62.4143,59.6786,44.3503,88.833,197.3207,80.2688,27046.2305,35.5326
2019-11-01,28.681,96.9516,50.1367,63.0894,61.3723,43.9184,89.572,199.6423,79.9372,27347.3594,35.6416
2019-11-04,29.286,98.4824,52.7932,63.9627,61.7753,43.2992,90.233,197.6067,80.5467,27462.1094,35.6265
2019-11-05,28.803,98.6398,52.9864,63.9954,61.6866,42.7125,90.0855,195.3187,80.5646,27492.6309,36.0174
2019-11-06,28.859,99.2765,53.2279,63.984,61.7129,43.0221,89.7885,196.8412,80.2061,27492.5605,36.2113
2019-11-07,28.957,99.6601,54.5321,64.829,62.4252,42.6066,89.41,195.9412,81.0308,27674.8008,36.4325
2019-11-08,29.157,99.6022,55.643,64.9533,62.596,42.5414,89.294,195.8571,80.5019,27681.2402,36.1931
2019-11-11,29.418,98.0532,54.8219,64.35,63.0917,42.2399,88.5825,194.9823,80.717,27691.4902,36.0719
2019-11-12,29.201,98.1401,55.16,64.3307,63.034,42.134,88.9,196.0926,80.224,27691.4902,36.0962
2019-11-13,28.311,97.3367,54.5321,64.2911,63.6379,42.7044,87.6555,197.5058,81.8285,27783.5898,36.6598
2019-11-14,28.962,96.9892,54.5321,64.9577,63.1976,42.8836,87.73,198.9778,81.8106,27781.9609,36.5598
2019-11-15,29.503,97.2788,55.643,66.1173,63.9484,42.9162,86.9745,199.6003,83.3971,28004.8906,36.0204
2019-11-18,30.257,97.2136,55.2566,65.4154,64.2708,43.2095,87.6265,200.9125,84.419,28036.2207,36.4386
2019-11-19,30.26,97.3656,55.5464,65.1559,64.0759,43.2503,87.6395,189.9858,83.908,27934.0195,36.3295
2019-11-20,30.516,96.4102,55.0151,64.5412,63.33,43.3644,87.2765,185.8136,83.4061,27821.0898,36.0992
2019-11-21,31.169,96.8735,55.6913,64.457,63.046,43.1525,86.7355,183.8284,82.6083,27766.2891,36.3204
2019-11-22,31.048,97.2354,55.7879,64.1593,62.9907,43.2095,87.286,183.3994,83.666,27875.6191,36.1689
2019-11-25,31.555,98.4151,55.9328,64.7215,64.0951,43.3644,88.692,183.7106,83.2716,28066.4707,36.0356
2019-11-26,31.249,97.7782,54.8219,65.0613,63.5946,43.9184,89.847,185.6958,83.6571,28121.6797,36.1174
2019-11-27,31.593,96.8228,54.5321,65.0335,64.4488,43.9592,90.9255,187.58,84.3831,28164.0,35.9871
2019-11-29,31.466,97.3149,54.4355,64.6358,64.3069,43.836,90.04,185.4855,84.0191,28051.4102,36.0871
2019-12-02,30.999,96.2003,53.9042,63.8908,63.5634,44.1233,89.08,183.0546,84.0821,27783.0391,36.1446
2019-12-03,30.616,95.6285,53.083,64.1563,62.43,44.1644,88.498,180.0095,83.0935,27502.8105,35.9598
2019-12-04,30.432,95.5344,52.6483,65.4075,62.981,44.5666,88.0345,181.2455,84.2258,27649.7793,35.9659
2019-12-05,30.286,95.4765,52.117,65.7834,63.905,44.4845,87.024,180.3143,86.0862,27677.7891,36.1181
2019-12-06,30.735,96.4247,53.6144,66.4021,65.1394,44.6733,87.58,181.3979,87.1736,28015.0605,36.459
2019-12-09,30.25,96.9314,53.083,66.5477,64.2275,44.386,87.4755,183.3026,86.841,27909.5996,36.3311
2019-12-10,29.312,96.9241,53.1796,66.6022,64.6028,44.1398,86.9605,182.7693,87.1826,27881.7207,36.2642
2019-12-11,29.893,96.8156,52.9864,66.62,65.1539,44.2875,87.436,179.4677,87.3353,27911.3008,36.2215
2019-12-12,29.844,97.9447,55.2566,66.88,65.3199,44.4435,88.0165,179.5016,87.8206,28132.0508,36.4529
2019-12-13,29.85,97.1413,54.7736,66.7592,66.2078,44.6733,88.047,181.2286,87.8655,28135.3809,36.6142
2019-12-16,30.421,97.0833,53.9525,67.4199,67.3412,44.6733,88.4605,182.456,88.8002,28235.8906,36.6903
2019-12-17,31.548,97.1485,53.6144,67.1203,67.4735,44.6733,89.533,184.31,89.5551,28267.1602,36.9155
2019-12-18,32.08,97.286,52.9381,66.9964,67.3123,44.2547,89.2015,184.547,90.3819,28239.2793,36.4833
2019-12-19,33.222,97.3946,53.3245,67.1658,67.3797,44.5913,89.614,186.4263,90.9031,28376.9609,36.5503
2019-12-20,33.69,98.1401,53.3245,66.8464,67.2401,45.1248,89.325,187.2475,89.8337,28455.0898,36.6142
2019-12-23,33.31,98.1112,53.953,66.8092,68.3373,45.0756,89.65,185.5713,89.9056,28551.5293,36.2307
2019-12-24,33.32,97.6986,54.0981,66.5477,68.4023,44.9114,89.4605,186.8073,89.9955,28515.4492,36.3768
2019-12-26,33.263,97.6479,54.2915,67.3818,69.7594,45.1659,93.4385,186.9343,90.5077,28621.3906,36.3798
2019-12-27,32.909,97.9085,54.0497,66.9603,69.7329,45.4368,93.49,186.2147,91.2806,28645.2598,36.4011
2019-12-30,32.331,96.1279,53.5663,66.1802,70.1468,45.3711,92.3445,183.9629,90.5886,28462.1406,36.3433
2019-12-31,32.357,97.0182,53.953,66.2237,70.6594,45.4368,92.392,184.8687,91.047,28538.4395,36.1729
2020-01-02,32.981,98.0171,57.6756,67.727,72.2716,45.1413,94.9005,185.9523,91.8468,28868.8008,36.2033
2020-01-03,32.59,97.2354,57.869,67.3947,71.5689,44.895,93.7485,185.3343,91.5951,28634.8809,35.8837
2020-01-06,33.583,97.0616,58.6908,69.0564,72.1392,44.8786,95.144,186.2063,91.5143,28703.3809,35.8106
2020-01-07,33.075,97.1268,58.2557,69.0133,71.7999,44.5338,95.343,184.9872,91.4693,28583.6797,35.4788
2020-01-08,33.926,97.9374,57.7239,69.5572,72.9549,44.6159,94.5985,187.7554,91.2626,28745.0898,35.3571
2020-01-09,33.566,98.9725,57.5789,70.3254,74.5045,45.4286,95.0525,190.6337,91.1997,28956.9004,35.7224
2020-01-10,32.905,98.9363,56.4186,70.8158,74.673,45.5845,94.158,189.8125,90.6785,28823.7695,35.4241
2020-01-13,33.892,98.8711,58.5941,71.2863,76.2683,46.0771,94.565,189.0676,91.8108,28907.0508,35.2719
2020-01-14,33.869,98.3066,58.159,70.8727,75.2384,45.9704,93.472,188.6189,92.4939,28939.6699,35.3632
2020-01-15,33.907,98.8856,57.3855,71.2848,74.916,46.545,93.101,190.1257,92.377,29030.2207,35.0892
2020-01-16,33.862,99.87,57.2405,71.904,75.8544,46.6435,93.897,193.7067,92.8982,29297.6406,35.278
2020-01-17,33.967,100.1088,57.0955,73.325,76.6942,46.742,93.236,196.3224,93.9408,29348.0996,34.9918
2020-01-21,33.811,100.7313,56.3703,73.5236,76.1745,46.9308,94.6,197.2029,93.9857,29196.0391,35.1836
2020-01-22,32.6,104.1476,54.9683,73.6004,76.4464,47.292,94.373,197.1605,93.9048,29186.2695,35.3388
